Noah,0.0094,Emma,0.0107
Liam,0.009,Olivia,0.0101
Mason,0.0084,Sophia,0.0095
Jacob,0.0082,Isabella,0.0087
William,0.0082,Ava,0.008
Ethan,0.0077,Mia,0.0069
Michael,0.0075,Emily,0.0065
Alexander,0.0075,Abigail,0.0062
James,0.007,Madison,0.0053
Daniel,0.0068,Charlotte,0.0052
Elijah,0.0067,Harper,0.0049
Benjamin,0.0067,Sofia,0.0049
Logan,0.0067,Avery,0.0049
Aiden,0.0066,Elizabeth,0.0049
Jayden,0.0063,Amelia,0.0045
Matthew,0.0063,Evelyn,0.0045
Jackson,0.006,Ella,0.0044
David,0.006,Chloe,0.0044
Lucas,0.006,Victoria,0.0041
Joseph,0.0059,Aubrey,0.0039
Anthony,0.0057,Grace,0.0039
Andrew,0.0055,Zoey,0.0038
Samuel,0.0054,Natalie,0.0036
Gabriel,0.0053,Addison,0.0036
Joshua,0.0053,Lillian,0.0035
John,0.0052,Brooklyn,0.0035
Carter,0.0052,Lily,0.0035
Luke,0.0051,Hannah,0.0034
Dylan,0.0051,Layla,0.0033
Christopher,0.0051,Scarlett,0.0031
Isaac,0.0049,Aria,0.003
Oliver,0.0046,Zoe,0.003
Henry,0.0046,Samantha,0.0029
Sebastian,0.0046,Anna,0.0029
Caleb,0.0045,Leah,0.0029
Owen,0.0045,Audrey,0.0029
Ryan,0.0044,Ariana,0.0028
Nathan,0.0044,Allison,0.0028
Wyatt,0.0043,Savannah,0.0028
Hunter,0.0043,Arianna,0.0027
Jack,0.0043,Camila,0.0027
Christian,0.0041,Penelope,0.0026
Landon,0.004,Gabriella,0.0026
Jonathan,0.004,Claire,0.0026
Levi,0.0039,Aaliyah,0.0025
Jaxon,0.0038,Sadie,0.0025
Julian,0.0038,Riley,0.0025
Isaiah,0.0037,Skylar,0.0024
Eli,0.0037,Nora,0.0024
Aaron,0.0036,Sarah,0.0024
Charles,0.0036,Hailey,0.0024
Connor,0.0035,Kaylee,0.0023
Cameron,0.0035,Paisley,0.0023
Thomas,0.0034,Kennedy,0.0023
Jordan,0.0034,Ellie,0.0023
Jeremiah,0.0033,Peyton,0.0023
Nicholas,0.0033,Annabelle,0.0022
Evan,0.0033,Caroline,0.0022
Adrian,0.0033,Madelyn,0.0022
Gavin,0.0032,Serenity,0.0022
Robert,0.0032,Aubree,0.0022
Brayden,0.0032,Lucy,0.0022
Grayson,0.0032,Alexa,0.0022
Josiah,0.0031,Alexis,0.0022
Colton,0.0031,Nevaeh,0.0022
Austin,0.0031,Stella,0.0021
Angel,0.0031,Violet,0.0021
Jace,0.0031,Genesis,0.0021
Dominic,0.0031,Mackenzie,0.0021
Kevin,0.0029,Bella,0.0021
Brandon,0.0029,Autumn,0.0021
Tyler,0.0029,Mila,0.0021
Parker,0.0028,Kylie,0.002
Ayden,0.0028,Maya,0.002
Jason,0.0027,Piper,0.002
Jose,0.0027,Alyssa,0.002
Ian,0.0027,Taylor,0.002
Chase,0.0026,Eleanor,0.0019
Adam,0.0026,Melanie,0.0019
Hudson,0.0026,Naomi,0.0019
Nolan,0.0026,Faith,0.0019
Zachary,0.0025,Eva,0.0019
Easton,0.0024,Katherine,0.0019
Blake,0.0024,Lydia,0.0019
Jaxson,0.0024,Brianna,0.0018
Cooper,0.0024,Julia,0.0018
Lincoln,0.0024,Ashley,0.0018
Xavier,0.0023,Khloe,0.0018
Bentley,0.0023,Madeline,0.0018
Kayden,0.0023,Ruby,0.0017
Carson,0.0023,Sophie,0.0017
Brody,0.0021,Alexandra,0.0017
Asher,0.0021,London,0.0017
Nathaniel,0.0021,Lauren,0.0016
Ryder,0.002,Gianna,0.0016
Justin,0.002,Isabelle,0.0016
Leo,0.0019,Alice,0.0016
Juan,0.0019,Vivian,0.0016
Luis,0.0019,Hadley,0.0015
Camden,0.0019,Jasmine,0.0015
Tristan,0.0019,Morgan,0.0015
Damian,0.0019,Kayla,0.0015
Elias,0.0018,Cora,0.0015
Vincent,0.0018,Bailey,0.0015
Jase,0.0018,Kimberly,0.0015
Mateo,0.0018,Reagan,0.0015
Maxwell,0.0018,Hazel,0.0015
Miles,0.0018,Clara,0.0015
Micah,0.0018,Sydney,0.0015
Sawyer,0.0018,Trinity,0.0014
Jesus,0.0017,Natalia,0.0014
Max,0.0017,Valentina,0.0014
Roman,0.0017,Rylee,0.0014
Leonardo,0.0017,Jocelyn,0.0014
Santiago,0.0017,Maria,0.0014
Cole,0.0017,Aurora,0.0014
Carlos,0.0017,Eliana,0.0014
Bryson,0.0017,Brielle,0.0014
Ezra,0.0017,Liliana,0.0014
Brantley,0.0016,Mary,0.0013
Braxton,0.0016,Elena,0.0013
Declan,0.0016,Molly,0.0013
Eric,0.0016,Makayla,0.0013
Kaiden,0.0016,Lilly,0.0013
Giovanni,0.0016,Andrea,0.0013
Theodore,0.0016,Quinn,0.0013
Harrison,0.0016,Jordyn,0.0013
Alex,0.0016,Adalynn,0.0013
Diego,0.0016,Nicole,0.0013
Wesley,0.0015,Delilah,0.0013
Bryce,0.0015,Kendall,0.0013
Ivan,0.0015,Kinsley,0.0013
Greyson,0.0015,Ariel,0.0012
George,0.0015,Payton,0.0012
Timothy,0.0015,Paige,0.0012
Weston,0.0015,Mariah,0.0012
Silas,0.0014,Brooke,0.0012
Jonah,0.0014,Willow,0.0012
Antonio,0.0014,Jade,0.0012
Colin,0.0014,Lyla,0.0012
Richard,0.0014,Mya,0.0012
Hayden,0.0014,Ximena,0.0012
Ashton,0.0014,Luna,0.0012
Steven,0.0014,Isabel,0.0012
Axel,0.0014,Mckenzie,0.0012
Miguel,0.0013,Ivy,0.0012
Kaleb,0.0013,Josephine,0.0012
Bryan,0.0013,Amy,0.0011
Preston,0.0013,Laila,0.0011
Jayce,0.0013,Isla,0.0011
Ryker,0.0013,Eden,0.0011
Victor,0.0013,Adalyn,0.0011
Patrick,0.0013,Angelina,0.0011
Joel,0.0013,Londyn,0.0011
Grant,0.0013,Rachel,0.0011
Emmett,0.0013,Melody,0.0011
Alejandro,0.0013,Juliana,0.0011
Marcus,0.0013,Kaitlyn,0.0011
Jameson,0.0013,Brooklynn,0.0011
Edward,0.0013,Destiny,0.0011
Kingston,0.0013,Emery,0.001
Jude,0.0013,Gracie,0.001
Maddox,0.0013,Norah,0.001
Abel,0.0013,Emilia,0.001
Emmanuel,0.0013,Reese,0.001
Bennett,0.0012,Elise,0.001
Everett,0.0012,Sara,0.001
Brian,0.0012,Aliyah,0.001
Jeremy,0.0012,Margaret,0.001
Alan,0.0012,Catherine,0.001
Kaden,0.0012,Vanessa,0.001
Jaden,0.0012,Katelyn,0.001
Riley,0.0012,Gabrielle,0.001
Jesse,0.0012,Arabella,0.001
King,0.0012,Valeria,0.001
Tucker,0.0012,Valerie,0.001
Kai,0.0012,Adriana,0.001
Kyle,0.0012,Everly,0.001
Malachi,0.0012,Jessica,0.0009
Abraham,0.0012,Daisy,0.0009
Ezekiel,0.0012,Makenzie,0.0009
Calvin,0.0011,Summer,0.0009
Oscar,0.0011,Lila,0.0009
Bradley,0.0011,Rebecca,0.0009
Luca,0.0011,Julianna,0.0009
Avery,0.0011,Callie,0.0009
Aidan,0.0011,Michelle,0.0009
Zayden,0.0011,Ryleigh,0.0009
Mark,0.0011,Presley,0.0009
Jake,0.0011,Alaina,0.0009
Kenneth,0.001,Angela,0.0009
Maximus,0.001,Alina,0.0009
Sean,0.001,Harmony,0.0009
Karter,0.001,Rose,0.0009
Brady,0.001,Athena,0.0009
Nicolas,0.001,Emerson,0.0009
Cayden,0.001,Adelyn,0.0009
Caden,0.001,Alana,0.0009
Graham,0.001,Hayden,0.0009
Jayceon,0.001,Izabella,0.0009
Paul,0.001,Cali,0.0009
Gage,0.0009,Marley,0.0008
Corbin,0.0009,Esther,0.0008
Peter,0.0009,Fiona,0.0008
Derek,0.0009,Stephanie,0.0008
Maverick,0.0009,Cecilia,0.0008
Jorge,0.0009,Kate,0.0008
Tanner,0.0009,Kinley,0.0008
Jax,0.0009,Jayla,0.0008
Peyton,0.0009,Genevieve,0.0008
Xander,0.0009,Alexandria,0.0008
Amir,0.0009,Eliza,0.0008
Gael,0.0009,Kylee,0.0008
Omar,0.0009,Alivia,0.0008
Iker,0.0009,Giselle,0.0008
Javier,0.0009,Arya,0.0008
Elliot,0.0009,Alayna,0.0008
Jasper,0.0009,Leilani,0.0008
Rylan,0.0009,Adeline,0.0008
Cody,0.0008,Jennifer,0.0008
Dean,0.0008,Tessa,0.0008
Andres,0.0008,Ana,0.0008
Collin,0.0008,Finley,0.0008
Zane,0.0008,Melissa,0.0008
Charlie,0.0008,Daniela,0.0008
Myles,0.0008,Aniyah,0.0008
Lorenzo,0.0008,Daleyza,0.0008
Beau,0.0008,Keira,0.0008
Conner,0.0008,Charlie,0.0007
Lukas,0.0008,Lucia,0.0007
Simon,0.0008,Hope,0.0007
Francisco,0.0008,Gabriela,0.0007
Elliott,0.0008,Mckenna,0.0007
Finn,0.0008,Brynlee,0.0007
Gunner,0.0008,Parker,0.0007
Garrett,0.0008,Lola,0.0007
Jaiden,0.0008,Amaya,0.0007
Keegan,0.0008,Miranda,0.0007
Rowan,0.0008,Maggie,0.0007
Israel,0.0008,Anastasia,0.0007
Griffin,0.0008,Leila,0.0007
August,0.0007,Lexi,0.0007
Judah,0.0007,Georgia,0.0007
Beckett,0.0007,Kenzie,0.0007
Brooks,0.0007,Iris,0.0007
Zander,0.0007,Jacqueline,0.0007
Spencer,0.0007,Jordan,0.0007
Chance,0.0007,Cassidy,0.0007
Damien,0.0007,Vivienne,0.0007
Seth,0.0007,Camille,0.0007
Waylon,0.0007,Noelle,0.0007
Travis,0.0007,Adrianna,0.0007
Devin,0.0007,Teagan,0.0007
Emiliano,0.0007,Josie,0.0007
Zion,0.0007,Juliette,0.0007
Ricardo,0.0007,Annabella,0.0007
Erick,0.0007,Allie,0.0007
Stephen,0.0007,Juliet,0.0007
Reid,0.0007,Kendra,0.0007
Paxton,0.0007,Sienna,0.0006
Eduardo,0.0007,Brynn,0.0006
Martin,0.0007,Kali,0.0006
Fernando,0.0007,Maci,0.0006
Raymond,0.0007,Danielle,0.0006
Manuel,0.0007,Haley,0.0006
Jeffrey,0.0007,Jenna,0.0006
Felix,0.0007,Raelynn,0.0006
Dallas,0.0007,Delaney,0.0006
Josue,0.0007,Paris,0.0006
Mario,0.0007,Alexia,0.0006
Clayton,0.0007,Lyric,0.0006
Caiden,0.0007,Gemma,0.0006
Cristian,0.0007,Lilliana,0.0006
Troy,0.0006,Chelsea,0.0006
Cash,0.0006,Angel,0.0006
Trevor,0.0006,Evangeline,0.0006
Shane,0.0006,Ayla,0.0006
Kameron,0.0006,Kayleigh,0.0006
Cesar,0.0006,Lena,0.0006
Emilio,0.0006,Katie,0.0006
Andy,0.0006,Elaina,0.0006
Tyson,0.0006,Olive,0.0006
Andre,0.0006,Madeleine,0.0006
Donovan,0.0006,Makenna,0.0006
Titus,0.0006,Dakota,0.0006
Knox,0.0006,Elsa,0.0006
River,0.0006,Nova,0.0006
Kyler,0.0006,Nadia,0.0006
Louis,0.0006,Alison,0.0006
Cruz,0.0006,Kaydence,0.0006
Hector,0.0006,Journey,0.0006
Holden,0.0006,Jada,0.0006
Rafael,0.0006,Kathryn,0.0006
Landen,0.0006,Shelby,0.0006
Lane,0.0006,Nina,0.0006
Jared,0.0006,Elliana,0.0006
Edwin,0.0006,Diana,0.0006
Messiah,0.0006,Phoebe,0.0006
Johnny,0.0006,Alessandra,0.0006
Edgar,0.0006,Eloise,0.0006
Johnathan,0.0006,Nyla,0.0006
Alexis,0.0006,Skyler,0.0006
Archer,0.0006,Madilyn,0.0006
Anderson,0.0006,Adelynn,0.0005
Trenton,0.0006,Miriam,0.0005
Arthur,0.0006,Ashlyn,0.0005
Sergio,0.0006,Amiyah,0.0005
Marco,0.0006,Megan,0.0005
Julius,0.0006,Amber,0.0005
Dominick,0.0006,Rosalie,0.0005
Milo,0.0005,Annie,0.0005
Dalton,0.0005,Lilah,0.0005
Remington,0.0005,Charlee,0.0005
Dante,0.0005,Amanda,0.0005
Angelo,0.0005,Ruth,0.0005
Gregory,0.0005,Adelaide,0.0005
Reed,0.0005,June,0.0005
Jaylen,0.0005,Laura,0.0005
Marshall,0.0005,Daniella,0.0005
Dawson,0.0005,Mikayla,0.0005
Leon,0.0005,Raegan,0.0005
Drew,0.0005,Jane,0.0005
Shawn,0.0005,Ashlynn,0.0005
Emerson,0.0005,Kelsey,0.0005
Fabian,0.0005,Erin,0.0005
Joaquin,0.0005,Christina,0.0005
Walker,0.0005,Joanna,0.0005
Erik,0.0005,Fatima,0.0005
Desmond,0.0005,Allyson,0.0005
Karson,0.0005,Talia,0.0005
Emanuel,0.0005,Mariana,0.0005
Jett,0.0005,Sabrina,0.0005
Ali,0.0005,Haven,0.0005
Kendrick,0.0005,Ainsley,0.0005
Aden,0.0005,Cadence,0.0005
Frank,0.0005,Elsie,0.0005
Walter,0.0005,Leslie,0.0005
Rhett,0.0005,Heaven,0.0005
Colt,0.0005,Arielle,0.0005
Amari,0.0005,Maddison,0.0005
Romeo,0.0005,Alicia,0.0005
Cohen,0.0005,Briella,0.0005
Roberto,0.0005,Lucille,0.0005
Maximiliano,0.0005,Sawyer,0.0005
Grady,0.0005,Malia,0.0005
Barrett,0.0005,Selena,0.0005
Zaiden,0.0005,Heidi,0.0005
Drake,0.0005,Kyleigh,0.0005
Gideon,0.0005,Harley,0.0005
Major,0.0005,Kira,0.0005
Brendan,0.0004,Lana,0.0005
Skyler,0.0004,Sierra,0.0005
Derrick,0.0004,Kiara,0.0005
Pedro,0.0004,Paislee,0.0005
Phoenix,0.0004,Alondra,0.0005
Noel,0.0004,Daphne,0.0005
Ruben,0.0004,Carly,0.0005
Braden,0.0004,Jaylah,0.0005
Nehemiah,0.0004,Kyla,0.0005
Dakota,0.0004,Bianca,0.0005
Cade,0.0004,Baylee,0.0005
Kamden,0.0004,Cheyenne,0.0005
Quinn,0.0004,Macy,0.0005
Nash,0.0004,Camilla,0.0005
Kason,0.0004,Catalina,0.0005
Ronan,0.0004,Gia,0.0005
Allen,0.0004,Vera,0.0005
Porter,0.0004,Skye,0.0005
Enzo,0.0004,Aylin,0.0005
Atticus,0.0004,Sloane,0.0005
Kash,0.0004,Myla,0.0005
Jay,0.0004,Yaretzi,0.0004
Adan,0.0004,Giuliana,0.0004
Finley,0.0004,Macie,0.0004
Matteo,0.0004,Veronica,0.0004
Malik,0.0004,Esmeralda,0.0004
Abram,0.0004,Lia,0.0004
Braylon,0.0004,Averie,0.0004
Ace,0.0004,Addyson,0.0004
Solomon,0.0004,Kamryn,0.0004
Gunnar,0.0004,Mckinley,0.0004
Clark,0.0004,Ada,0.0004
Orion,0.0004,Carmen,0.0004
Ismael,0.0004,Mallory,0.0004
Kellan,0.0004,Jillian,0.0004
Brennan,0.0004,Ariella,0.0004
Corey,0.0004,Rylie,0.0004
Tate,0.0004,Sage,0.0004
Philip,0.0004,Abby,0.0004
Thiago,0.0004,Scarlet,0.0004
Phillip,0.0004,Logan,0.0004
Esteban,0.0004,Tatum,0.0004
Jayson,0.0004,Bethany,0.0004
Dexter,0.0004,Dylan,0.0004
Jensen,0.0004,Elle,0.0004
Pablo,0.0004,Jazmin,0.0004
Ronald,0.0004,Aspen,0.0004
Dillon,0.0004,Camryn,0.0004
Muhammad,0.0004,Malaysia,0.0004
Armando,0.0004,Haylee,0.0004
Bruce,0.0004,Nayeli,0.0004
Gerardo,0.0004,Gracelyn,0.0004
Brycen,0.0004,Kamila,0.0004
Marcos,0.0004,Helen,0.0004
Kade,0.0004,Marilyn,0.0004
Kolton,0.0004,April,0.0004
Damon,0.0004,Carolina,0.0004
Braylen,0.0004,Amina,0.0004
Russell,0.0004,Julie,0.0004
Leland,0.0004,Raelyn,0.0004
Milan,0.0004,Blakely,0.0004
Prince,0.0004,Rowan,0.0004
Gannon,0.0004,Angelique,0.0004
Enrique,0.0004,Miracle,0.0004
Keith,0.0004,Emely,0.0004
Rory,0.0004,Jayleen,0.0004
Brock,0.0004,Kennedi,0.0004
Donald,0.0004,Amira,0.0004
Tobias,0.0004,Briana,0.0004
Chandler,0.0004,Gwendolyn,0.0004
Deacon,0.0004,Justice,0.0004
Cason,0.0004,Zara,0.0004
Raul,0.0004,Aleah,0.0004
Ty,0.0004,Itzel,0.0004
Scott,0.0004,Bristol,0.0004
Landyn,0.0004,Francesca,0.0004
Mohamed,0.0004,Emersyn,0.0004
Colby,0.0003,Aubrie,0.0004
Danny,0.0003,Karina,0.0004
Leonel,0.0003,Nylah,0.0004
Kayson,0.0003,Kelly,0.0004
Warren,0.0003,Anaya,0.0004
Adriel,0.0003,Maliyah,0.0004
Dustin,0.0003,Evelynn,0.0004
Taylor,0.0003,Ember,0.0004
Albert,0.0003,Melany,0.0004
Ryland,0.0003,Angelica,0.0004
Hugo,0.0003,Jimena,0.0004
Keaton,0.0003,Madelynn,0.0004
Jamison,0.0003,Kassidy,0.0004
Ari,0.0003,Tiffany,0.0004
Malcolm,0.0003,Kara,0.0004
Ellis,0.0003,Jazmine,0.0004
Kellen,0.0003,Jayda,0.0004
Maximilian,0.0003,Dahlia,0.0004
Davis,0.0003,Alejandra,0.0004
Saul,0.0003,Sarai,0.0004
Tony,0.0003,Annabel,0.0004
Rocco,0.0003,Holly,0.0004
Zachariah,0.0003,Janelle,0.0004
Jerry,0.0003,Braelyn,0.0004
Julio,0.0003,Gracelynn,0.0004
Franklin,0.0003,River,0.0004
Arjun,0.0003,Viviana,0.0004
Ibrahim,0.0003,Serena,0.0004
Nico,0.0003,Brittany,0.0004
Jaxton,0.0003,Annalise,0.0004
Jakob,0.0003,Brinley,0.0004
Izaiah,0.0003,Madisyn,0.0004
Moises,0.0003,Eve,0.0004
Cyrus,0.0003,Cataleya,0.0004
Lawrence,0.0003,Joy,0.0004
Sullivan,0.0003,Caitlyn,0.0004
Finnegan,0.0003,Anabelle,0.0004
Khalil,0.0003,Emmalyn,0.0004
Mathew,0.0003,Journee,0.0003
Case,0.0003,Celeste,0.0003
Jaime,0.0003,Brylee,0.0003
Alec,0.0003,Luciana,0.0003
Pierce,0.0003,Marlee,0.0003
Quentin,0.0003,Savanna,0.0003
Kasen,0.0003,Anya,0.0003
Darius,0.0003,Marissa,0.0003
Colten,0.0003,Jazlyn,0.0003
Royce,0.0003,Zuri,0.0003
Odin,0.0003,Kailey,0.0003
Kane,0.0003,Crystal,0.0003
Francis,0.0003,Michaela,0.0003
Raiden,0.0003,Lorelei,0.0003
Trey,0.0003,Guadalupe,0.0003
Daxton,0.0003,Madilynn,0.0003
Gustavo,0.0003,Maeve,0.0003
Rhys,0.0003,Hanna,0.0003
Alijah,0.0003,Priscilla,0.0003
Lawson,0.0003,Kyra,0.0003
Beckham,0.0003,Lacey,0.0003
Moses,0.0003,Nia,0.0003
Rodrigo,0.0003,Charley,0.0003
Armani,0.0003,Jamie,0.0003
Uriel,0.0003,Juniper,0.0003
Dennis,0.0003,Cynthia,0.0003
Marvin,0.0003,Karen,0.0003
Harvey,0.0003,Sylvia,0.0003
Kian,0.0003,Phoenix,0.0003
Raylan,0.0003,Aleena,0.0003
Darren,0.0003,Caitlin,0.0003
Frederick,0.0003,Felicity,0.0003
Mohammed,0.0003,Elisa,0.0003
Trent,0.0003,Julissa,0.0003
Jonas,0.0003,Rebekah,0.0003
Zayne,0.0003,Evie,0.0003
Callen,0.0003,Helena,0.0003
Matias,0.0003,Imani,0.0003
Mitchell,0.0003,Karla,0.0003
Kyrie,0.0003,Millie,0.0003
Uriah,0.0003,Lilian,0.0003
Tristen,0.0003,Raven,0.0003
Sterling,0.0003,Harlow,0.0003
Theo,0.0003,Leia,0.0003
Larry,0.0003,Ryan,0.0003
Randy,0.0003,Kailyn,0.0003
Korbin,0.0003,Lillie,0.0003
Alberto,0.0003,Amara,0.0003
Chris,0.0003,Kadence,0.0003
Gianni,0.0003,Lauryn,0.0003
Killian,0.0003,Cassandra,0.0003
Princeton,0.0003,Kaylie,0.0003
Arturo,0.0003,Madalyn,0.0003
Ricky,0.0003,Anika,0.0003
Malakai,0.0003,Hayley,0.0003
Aarav,0.0003,Bria,0.0003
Asa,0.0003,Colette,0.0003
Jimmy,0.0003,Henley,0.0003
Alfredo,0.0003,Amari,0.0003
Alonzo,0.0003,Regina,0.0003
Benson,0.0003,Alanna,0.0003
Braydon,0.0003,Azalea,0.0003
Devon,0.0003,Fernanda,0.0003
Curtis,0.0003,Jaliyah,0.0003
Casey,0.0003,Anabella,0.0003
Justice,0.0003,Adelina,0.0003
Roy,0.0003,Lilyana,0.0003
Sam,0.0003,Skyla,0.0003
Legend,0.0003,Addisyn,0.0003
Dorian,0.0003,Zariah,0.0003
Nikolai,0.0003,Bridget,0.0003
Kobe,0.0003,Braylee,0.0003
Winston,0.0003,Monica,0.0003
Arlo,0.0003,Jayden,0.0003
Reece,0.0003,Leighton,0.0003
Lance,0.0002,Gloria,0.0003
Wade,0.0002,Johanna,0.0003
Cannon,0.0002,Addilyn,0.0003
Augustus,0.0002,Danna,0.0003
Hayes,0.0002,Selah,0.0003
Hendrix,0.0002,Aryanna,0.0003
Isaias,0.0002,Kaylin,0.0003
Neymar,0.0002,Aniya,0.0003
Ahmed,0.0002,Willa,0.0003
Jaxen,0.0002,Angie,0.0003
Nasir,0.0002,Kaia,0.0003
Brayan,0.0002,Kaliyah,0.0003
Issac,0.0002,Anne,0.0003
Ronin,0.0002,Tiana,0.0003
Talon,0.0002,Charleigh,0.0003
Boston,0.0002,Winter,0.0003
Moshe,0.0002,Danica,0.0003
Orlando,0.0002,Alayah,0.0003
Vihaan,0.0002,Aisha,0.0003
Gary,0.0002,Bailee,0.0003
Bowen,0.0002,Kenley,0.0003
Luka,0.0002,Aileen,0.0003
Nikolas,0.0002,Lexie,0.0003
Yahir,0.0002,Janiyah,0.0003
Joe,0.0002,Braelynn,0.0003
Leonidas,0.0002,Liberty,0.0003
Quinton,0.0002,Katelynn,0.0003
Luciano,0.0002,Mariam,0.0003
Ezequiel,0.0002,Sasha,0.0003
Ayaan,0.0002,Lindsey,0.0003
Ahmad,0.0002,Montserrat,0.0003
Jalen,0.0002,Cecelia,0.0003
Royal,0.0002,Mikaela,0.0003
Jamari,0.0002,Kaelyn,0.0003
Noe,0.0002,Rosemary,0.0003
Kieran,0.0002,Annika,0.0003
Mauricio,0.0002,Tatiana,0.0003
Conor,0.0002,Cameron,0.0003
Johan,0.0002,Marie,0.0003
Matthias,0.0002,Dallas,0.0003
Bryant,0.0002,Virginia,0.0003
Mathias,0.0002,Liana,0.0003
Maurice,0.0002,Matilda,0.0003
Roger,0.0002,Freya,0.0003
Lennox,0.0002,Lainey,0.0003
Nathanael,0.0002,Hallie,0.0003
Nixon,0.0002,Jessie,0.0003
Mohammad,0.0002,Audrina,0.0003
Yusuf,0.0002,Blake,0.0003
Eddie,0.0002,Hattie,0.0003
Kristopher,0.0002,Monserrat,0.0003
Tatum,0.0002,Kiera,0.0003
Jacoby,0.0002,Laylah,0.0003
Wilson,0.0002,Greta,0.0003
Alvin,0.0002,Alyson,0.0003
Raphael,0.0002,Emilee,0.0003
Lewis,0.0002,Maryam,0.0003
Douglas,0.0002,Melina,0.0003
Mekhi,0.0002,Dayana,0.0003
Salvador,0.0002,Jaelynn,0.0003
Eden,0.0002,Beatrice,0.0002
Hank,0.0002,Frances,0.0002
Cullen,0.0002,Elisabeth,0.0002
Dax,0.0002,Saige,0.0002
Toby,0.0002,Kensley,0.0002
Rayan,0.0002,Meredith,0.0002
Emmitt,0.0002,Aranza,0.0002
Lucian,0.0002,Rosa,0.0002
Jefferson,0.0002,Shiloh,0.0002
Casen,0.0002,Charli,0.0002
London,0.0002,Elyse,0.0002
Roland,0.0002,Alani,0.0002
Carl,0.0002,Mira,0.0002
Crosby,0.0002,Lylah,0.0002
Bodhi,0.0002,Linda,0.0002
Dominik,0.0002,Whitney,0.0002
Niko,0.0002,Alena,0.0002
Zackary,0.0002,Jaycee,0.0002
Deandre,0.0002,Joselyn,0.0002
Hamza,0.0002,Ansley,0.0002
Remy,0.0002,Kynlee,0.0002
Quincy,0.0002,Miah,0.0002
Alessandro,0.0002,Tenley,0.0002
Sincere,0.0002,Breanna,0.0002
Dane,0.0002,Emelia,0.0002
Terry,0.0002,Maia,0.0002
Otto,0.0002,Edith,0.0002
Samson,0.0002,Pearl,0.0002
Madden,0.0002,Anahi,0.0002
Jasiah,0.0002,Coraline,0.0002
Layne,0.0002,Samara,0.0002
Santino,0.0002,Demi,0.0002
Rohan,0.0002,Chanel,0.0002
Abdullah,0.0002,Kimber,0.0002
Brentley,0.0002,Lilith,0.0002
Marc,0.0002,Malaya,0.0002
Skylar,0.0002,Jemma,0.0002
Bo,0.0002,Myra,0.0002
Kyson,0.0002,Bryanna,0.0002
Soren,0.0002,Laney,0.0002
Harley,0.0002,Jaelyn,0.0002
Nelson,0.0002,Kaylynn,0.0002
Layton,0.0002,Kallie,0.0002
Payton,0.0002,Natasha,0.0002
Aldo,0.0002,Nathalie,0.0002
Atlas,0.0002,Perla,0.0002
Ramon,0.0002,Amani,0.0002
Reese,0.0002,Lilianna,0.0002
Conrad,0.0002,Madalynn,0.0002
Morgan,0.0002,Blair,0.0002
Ernesto,0.0002,Elianna,0.0002
Byron,0.0002,Karsyn,0.0002
Carmelo,0.0002,Lindsay,0.0002
Sage,0.0002,Elaine,0.0002
Neil,0.0002,Dulce,0.0002
Kristian,0.0002,Ellen,0.0002
Oakley,0.0002,Erica,0.0002
Tomas,0.0002,Maisie,0.0002
Flynn,0.0002,Renata,0.0002
Lionel,0.0002,Kiley,0.0002
Kylan,0.0002,Marina,0.0002
Leonard,0.0002,Remi,0.0002
Rex,0.0002,Emmy,0.0002
Brett,0.0002,Ivanna,0.0002
Jeffery,0.0002,Amirah,0.0002
Duke,0.0002,Livia,0.0002
Sylas,0.0002,Amelie,0.0002
Callan,0.0002,Irene,0.0002
Tripp,0.0002,Mabel,0.0002
Bruno,0.0002,Milan,0.0002
Zechariah,0.0002,Armani,0.0002
Melvin,0.0002,Cara,0.0002
Branson,0.0002,Ciara,0.0002
Blaine,0.0002,Kathleen,0.0002
Jon,0.0002,Jaylynn,0.0002
Julien,0.0002,Caylee,0.0002
Arian,0.0002,Lea,0.0002
Guillermo,0.0002,Erika,0.0002
Zain,0.0002,Paola,0.0002
Rayden,0.0002,Alma,0.0002
Brodie,0.0002,Courtney,0.0002
Crew,0.0002,Mae,0.0002
Memphis,0.0002,Kassandra,0.0002
Kelvin,0.0002,Maleah,0.0002
Stanley,0.0002,Remington,0.0002
Joey,0.0002,Leyla,0.0002
Emery,0.0002,Mina,0.0002
Terrance,0.0002,Ariah,0.0002
Channing,0.0002,Christine,0.0002
Edison,0.0002,Jasmin,0.0002
Lennon,0.0002,Kora,0.0002
Demetrius,0.0002,Chaya,0.0002
Amos,0.0002,Karlee,0.0002
Cayson,0.0002,Lailah,0.0002
Rodney,0.0002,Mara,0.0002
Cory,0.0002,Jaylee,0.0002
Elian,0.0002,Raquel,0.0002
Xzavier,0.0002,Siena,0.0002
Bronson,0.0002,Lennon,0.0002
Bentlee,0.0002,Desiree,0.0002
Lee,0.0002,Hadassah,0.0002
Dayton,0.0002,Kenya,0.0002
Chad,0.0002,Aliana,0.0002
Cassius,0.0002,Wren,0.0002
Jagger,0.0002,Amiya,0.0002
Fletcher,0.0002,Isis,0.0002
Omari,0.0002,Zaniyah,0.0002
Alonso,0.0002,Avah,0.0002
Yosef,0.0002,Amia,0.0002
Westin,0.0002,Cindy,0.0002
Brenden,0.0002,Eileen,0.0002
Makai,0.0002,Kayden,0.0002
Felipe,0.0002,Madyson,0.0002
Harry,0.0002,Celine,0.0002
Alden,0.0002,Aryana,0.0002
Maxim,0.0002,Everleigh,0.0002
Nickolas,0.0002,Isabela,0.0002
Davion,0.0002,Reyna,0.0002
Forrest,0.0002,Teresa,0.0002
Allan,0.0002,Jolene,0.0002
Enoch,0.0002,Marjorie,0.0002
Willie,0.0002,Myah,0.0002
Ben,0.0002,Clare,0.0002
Terrence,0.0002,Claudia,0.0002
Tommy,0.0002,Leanna,0.0002
Adonis,0.0002,Noemi,0.0002
Cain,0.0002,Corinne,0.0002
Harper,0.0002,Simone,0.0002
Callum,0.0002,Alia,0.0002
Jermaine,0.0002,Brenda,0.0002
Kody,0.0002,Dorothy,0.0002
Thaddeus,0.0002,Emilie,0.0002
Ray,0.0002,Elin,0.0002
Kamari,0.0002,Tori,0.0002
Aydin,0.0002,Martha,0.0002
Zeke,0.0002,Ally,0.0002
Markus,0.0002,Arely,0.0002
Ariel,0.0002,Leona,0.0002
Elisha,0.0002,Patricia,0.0002
Lucca,0.0002,Sky,0.0002
Marcelo,0.0002,Thalia,0.0002
Shaun,0.0002,Carolyn,0.0002
Aryan,0.0002,Emory,0.0002
Vicente,0.0002,Nataly,0.0002
Aron,0.0002,Paityn,0.0002
Keagan,0.0002,Shayla,0.0002
Marlon,0.0002,Averi,0.0002
Langston,0.0002,Jazlynn,0.0002
Ulises,0.0002,Margot,0.0002
Anders,0.0002,Lisa,0.0002
Kareem,0.0002,Lizbeth,0.0002
Bobby,0.0002,Nancy,0.0002
Davian,0.0002,Deborah,0.0002
Kendall,0.0002,Ivory,0.0002
Ronnie,0.0002,Khaleesi,0.0002
Jadiel,0.0002,Elliot,0.0002
Samir,0.0002,Meadow,0.0002
Alexzander,0.0002,Yareli,0.0002
Hassan,0.0002,Farrah,0.0002
Kingsley,0.0002,Milania,0.0002
Axton,0.0002,Janessa,0.0002
Trace,0.0002,Milana,0.0002
Will,0.0002,Zoie,0.0002
Jamal,0.0002,Adele,0.0002
Valentino,0.0002,Clarissa,0.0002
Yousef,0.0002,Hunter,0.0002
Brecken,0.0002,Lina,0.0002
Fisher,0.0001,Oakley,0.0002
Giovani,0.0001,Sariah,0.0002
Kaysen,0.0001,Emmalynn,0.0002
Maxton,0.0001,Galilea,0.0002
Mayson,0.0001,Hailee,0.0002
Van,0.0001,Halle,0.0002
Hezekiah,0.0001,Sutton,0.0002
Blaze,0.0001,Giana,0.0002
Kolten,0.0001,Thea,0.0002
Misael,0.0001,Denise,0.0002
Javon,0.0001,Naya,0.0002
Kolby,0.0001,Kristina,0.0002
Rogelio,0.0001,Liv,0.0002
Ares,0.0001,Nathaly,0.0002
Jedidiah,0.0001,Wendy,0.0002
Bode,0.0001,Aubrielle,0.0002
Leandro,0.0001,Brenna,0.0002
Cedric,0.0001,Carter,0.0002
Jamie,0.0001,Danika,0.0002
Rowen,0.0001,Monroe,0.0002
Urijah,0.0001,Celia,0.0002
Wayne,0.0001,Dana,0.0002
Eugene,0.0001,Jolie,0.0002
Kole,0.0001,Taliyah,0.0002
Camron,0.0001,Casey,0.0002
Darian,0.0001,Miley,0.0002
Billy,0.0001,Yamileth,0.0002
Kase,0.0001,Jaylene,0.0002
Rene,0.0001,Saylor,0.0002
Duncan,0.0001,Joyce,0.0002
Adrien,0.0001,Milena,0.0002
Alfred,0.0001,Zariyah,0.0002
Maison,0.0001,Sandra,0.0002
Apollo,0.0001,Ariadne,0.0002
Braeden,0.0001,Aviana,0.0002
Mack,0.0001,Mollie,0.0002
Clyde,0.0001,Cherish,0.0002
Reginald,0.0001,Alaya,0.0002
Anson,0.0001,Asia,0.0002
Jerome,0.0001,Nola,0.0002
Ishaan,0.0001,Penny,0.0002
Jessie,0.0001,Dixie,0.0002
Javion,0.0001,Marisol,0.0002
Micheal,0.0001,Adrienne,0.0002
Vincenzo,0.0001,Rylan,0.0002
Camdyn,0.0001,Kori,0.0002
Gauge,0.0001,Kristen,0.0002
Keenan,0.0001,Aimee,0.0002
Gerald,0.0001,Esme,0.0002
Franco,0.0001,Laurel,0.0002
Junior,0.0001,Aliza,0.0002
Justus,0.0001,Roselyn,0.0002
Jamir,0.0001,Sloan,0.0002
Marley,0.0001,Lorelai,0.0002
Terrell,0.0001,Jenny,0.0002
Giancarlo,0.0001,Katalina,0.0002
Braiden,0.0001,Lara,0.0002
Brantlee,0.0001,Amya,0.0002
Draven,0.0001,Ayleen,0.0002
Titan,0.0001,Aubri,0.0002
Harold,0.0001,Ariya,0.0002
Landry,0.0001,Carlee,0.0002
Zayn,0.0001,Iliana,0.0002
Briggs,0.0001,Magnolia,0.0002
Kyree,0.0001,Aurelia,0.0002
Chaim,0.0001,Elliott,0.0002
Dilan,0.0001,Evalyn,0.0002
Joziah,0.0001,Natalee,0.0002
Marquis,0.0001,Rayna,0.0002
Jonathon,0.0001,Heather,0.0002
Azariah,0.0001,Collins,0.0002
Kenny,0.0001,Estrella,0.0002
Amare,0.0001,Rory,0.0002
Brent,0.0001,Hana,0.0002
Clay,0.0001,Kenna,0.0002
Stetson,0.0001,Jordynn,0.0002
Tyrone,0.0001,Rosie,0.0002
Blaise,0.0001,Aiyana,0.0002
Dariel,0.0001,America,0.0002
Lamar,0.0001,Angeline,0.0002
Reuben,0.0001,Janiya,0.0002
Alfonso,0.0001,Jessa,0.0002
Axl,0.0001,Tegan,0.0002
Stefan,0.0001,Susan,0.0002
Finnley,0.0001,Emmalee,0.0002
Marcel,0.0001,Taryn,0.0002
Jaydon,0.0001,Temperance,0.0002
Kalel,0.0001,Alissa,0.0002
Triston,0.0001,Kenia,0.0002
Darrell,0.0001,Abbigail,0.0002
Steve,0.0001,Briley,0.0002
Abdiel,0.0001,Kailee,0.0002
Lyric,0.0001,Zaria,0.0002
Gibson,0.0001,Chana,0.0002
Thatcher,0.0001,Lillianna,0.0002
Henrik,0.0001,Barbara,0.0002
Jadon,0.0001,Carla,0.0002
Jairo,0.0001,Aliya,0.0002
Rudy,0.0001,Bonnie,0.0002
Castiel,0.0001,Keyla,0.0002
Emory,0.0001,Marianna,0.0002
Hugh,0.0001,Paloma,0.0002
Konnor,0.0001,Jewel,0.0002
Graysen,0.0001,Joslyn,0.0002
Cristiano,0.0001,Saniyah,0.0002
Deshawn,0.0001,Audriana,0.0002
Eliezer,0.0001,Giovanna,0.0002
Kamdyn,0.0001,Hadleigh,0.0002
Miller,0.0001,Mckayla,0.0002
Rylee,0.0001,Jaida,0.0002
Tristian,0.0001,Salma,0.0002
Agustin,0.0001,Sharon,0.0002
Ernest,0.0001,Emmaline,0.0002
Dwayne,0.0001,Kimora,0.0002
Dimitri,0.0001,Wynter,0.0002
Ford,0.0001,Avianna,0.0002
Rey,0.0001,Amalia,0.0002
Zavier,0.0001,Karlie,0.0002
Arnav,0.0001,Kaidence,0.0002
Santana,0.0001,Kairi,0.0002
Vance,0.0001,Libby,0.0002
Jamarion,0.0001,Sherlyn,0.0002
Ramiro,0.0001,Diamond,0.0002
Sonny,0.0001,Holland,0.0002
Brice,0.0001,Zendaya,0.0002
Leighton,0.0001,Mariyah,0.0002
Gilbert,0.0001,Zainab,0.0002
Jordyn,0.0001,Alisha,0.0002
Kaeden,0.0001,Ayanna,0.0002
Anton,0.0001,Ellison,0.0002
Coen,0.0001,Harlee,0.0002
Salvatore,0.0001,Lilyanna,0.0002
Seamus,0.0001,Bryleigh,0.0002
Zaire,0.0001,Julianne,0.0002
Aaden,0.0001,Kaleigh,0.0002
Chevy,0.0001,Miya,0.0002
Lachlan,0.0001,Yasmin,0.0002
Rolando,0.0001,Anniston,0.0002
Aydan,0.0001,Estelle,0.0002
Darwin,0.0001,Emmeline,0.0002
Randall,0.0001,Faye,0.0002
Santos,0.0001,Kiana,0.0002
Yael,0.0001,Anabel,0.0002
Grey,0.0001,Zion,0.0002
Kohen,0.0001,Tara,0.0002
Rashad,0.0001,Astrid,0.0002
Jayse,0.0001,Emerie,0.0002
Lochlan,0.0001,Sidney,0.0002
Mustafa,0.0001,Zahra,0.0002
Johnathon,0.0001,Jaylin,0.0002
Kannon,0.0001,Kinslee,0.0002
Konner,0.0001,Tabitha,0.0002
Jovani,0.0001,Aubriella,0.0002
Maximo,0.0001,Addilynn,0.0001
Alvaro,0.0001,Alyvia,0.0001
Clinton,0.0001,Hadlee,0.0001
Aidyn,0.0001,Ingrid,0.0001
Kymani,0.0001,Lilia,0.0001
Davin,0.0001,Macey,0.0001
Jordy,0.0001,Azaria,0.0001
Ephraim,0.0001,Kaitlynn,0.0001
Frankie,0.0001,Neriah,0.0001
Heath,0.0001,Annabell,0.0001
Houston,0.0001,Ariyah,0.0001
Kamron,0.0001,Janae,0.0001
Craig,0.0001,Kaiya,0.0001
Cristopher,0.0001,Reina,0.0001
Gordon,0.0001,Rivka,0.0001
Harlan,0.0001,Alisa,0.0001
Turner,0.0001,Marleigh,0.0001
Vaughn,0.0001,Alisson,0.0001
Vivaan,0.0001,Maliah,0.0001
Ameer,0.0001,Mercy,0.0001
Gavyn,0.0001,Noa,0.0001
Gino,0.0001,Scarlette,0.0001
Jovanni,0.0001,Clementine,0.0001
Benton,0.0001,Frida,0.0001
Rodolfo,0.0001,Ann,0.0001
Dominique,0.0001,Sonia,0.0001
Jaycob,0.0001,Alannah,0.0001
Jericho,0.0001,Avalynn,0.0001
Augustine,0.0001,Dalia,0.0001
Coleman,0.0001,Ayva,0.0001
Dash,0.0001,Stevie,0.0001
Eliseo,0.0001,Judith,0.0001
Khalid,0.0001,Paulina,0.0001
Quintin,0.0001,Azariah,0.0001
Makhi,0.0001,Estella,0.0001
Zaid,0.0001,Remy,0.0001
Anakin,0.0001,Gwen,0.0001
Baylor,0.0001,Mattie,0.0001
Emmet,0.0001,Milani,0.0001
Judson,0.0001,Raina,0.0001
Truman,0.0001,Julieta,0.0001
Camilo,0.0001,Renee,0.0001
Efrain,0.0001,Lesly,0.0001
Semaj,0.0001,Abrielle,0.0001
Camren,0.0001,Bryn,0.0001
Damari,0.0001,Carlie,0.0001
Kamryn,0.0001,Riya,0.0001
Deangelo,0.0001,Karter,0.0001
Giovanny,0.0001,Abril,0.0001
Mike,0.0001,Aubrianna,0.0001
Dario,0.0001,Jocelynn,0.0001
Kale,0.0001,Kylah,0.0001
Broderick,0.0001,Louisa,0.0001
Jayvion,0.0001,Pyper,0.0001
Kaison,0.0001,Antonia,0.0001
Koen,0.0001,Magdalena,0.0001
Magnus,0.0001,Moriah,0.0001
Darien,0.0001,Ryann,0.0001
Teagan,0.0001,Tamia,0.0001
Valentin,0.0001,Kailani,0.0001
Bodie,0.0001,Landry,0.0001
Brayson,0.0001,Aya,0.0001
Chace,0.0001,Ireland,0.0001
Kylen,0.0001,Mercedes,0.0001
Yehuda,0.0001,Rosalyn,0.0001
Bridger,0.0001,Alaysia,0.0001
Howard,0.0001,Annalee,0.0001
Maddux,0.0001,Patience,0.0001
Osvaldo,0.0001,Aanya,0.0001
Rocky,0.0001,Paula,0.0001
Ayan,0.0001,Samiyah,0.0001
Boden,0.0001,Yaritza,0.0001
Foster,0.0001,Cordelia,0.0001
Jair,0.0001,Micah,0.0001
Reyansh,0.0001,Nala,0.0001
Tyree,0.0001,Belen,0.0001
Ean,0.0001,Cambria,0.0001
Leif,0.0001,Natalya,0.0001
Reagan,0.0001,Kaelynn,0.0001
Rylen,0.0001,Kai,0.0001
